{"RuleTriggered": 1, "Violations": 2, "Details": {"pin_memory": false, "num_workers": 0, "cores": 4, "dataloaders": 1, "dataloading_time": {"p25": 6.423413, "p50": 6.524265, "p95": 7.194657, "probs": [1, 1, 0, 0, 0, 0, 0, 0, 0, 0, 0, 0, 0, 0, 0, 0, 0, 0, 0, 0, 0, 0, 0, 0, 0, 0, 0, 0, 0, 0, 1, 0, 0, 0, 0, 0, 0, 0, 2, 0, 0, 0, 0, 0, 0, 2, 1, 0, 0, 0, 0, 0, 0, 0, 0, 0, 0, 0, 0, 1, 0, 0, 0, 0, 0, 0, 0, 0, 0, 0, 0, 0, 0, 0, 0, 0, 0, 0, 0, 0, 0, 0, 2, 0, 0, 0, 0, 0, 0, 0, 0, 0, 0, 0, 1, 0, 0, 0, 0, 2], "binedges": [5.945155, 5.95765002, 5.970145039999999, 5.98264006, 5.99513508, 6.0076301, 6.020125119999999, 6.03262014, 6.04511516, 6.05761018, 6.0701051999999995, 6.08260022, 6.09509524, 6.10759026, 6.12008528, 6.1325803, 6.14507532, 6.1575703399999995, 6.17006536, 6.18256038, 6.1950554, 6.20755042, 6.22004544, 6.23254046, 6.24503548, 6.2575305, 6.27002552, 6.28252054, 6.2950155599999995, 6.30751058, 6.3200056, 6.33250062, 6.34499564, 6.35749066, 6.36998568, 6.3824807, 6.39497572, 6.40747074, 6.41996576, 6.4324607799999995, 6.4449558, 6.45745082, 6.46994584, 6.48244086, 6.49493588, 6.5074309, 6.51992592, 6.53242094, 6.54491596, 6.55741098, 6.569906, 6.58240102, 6.59489604, 6.60739106, 6.619886080000001, 6.6323811, 6.64487612, 6.65737114, 6.66986616, 6.68236118, 6.6948562, 6.70735122, 6.71984624, 6.73234126, 6.74483628, 6.757331300000001, 6.76982632, 6.78232134, 6.79481636, 6.80731138, 6.8198064, 6.83230142, 6.8447964400000005, 6.85729146, 6.86978648, 6.8822815, 6.894776520000001, 6.90727154, 6.91976656, 6.9322615800000005, 6.9447566, 6.95725162, 6.96974664, 6.982241660000001, 6.99473668, 7.0072317, 7.01972672, 7.032221740000001, 7.04471676, 7.05721178, 7.0697068000000005, 7.08220182, 7.09469684, 7.10719186, 7.119686880000001, 7.132181900000001, 7.14467692, 7.1571719400000005, 7.169666960000001, 7.18216198, 7.194657]}}, "Datapoints": 14, "RuleParameters": "min_threshold:70\nmax_threshold:200"}
