{"RuleTriggered": 0, "Violations": 16, "Details": {"low_gpu_utilization": 1380, "bottlenecks": {"1694484145.501681": {"GPUs": 1, "CPUs": 1}, "1694484146.001346": {"GPUs": 1, "CPUs": 1}, "1694484160.501195": {"GPUs": 1, "CPUs": 1}, "1694484211.001832": {"GPUs": 1, "CPUs": 1}, "1694484212.501898": {"GPUs": 1, "CPUs": 1}, "1694484213.001791": {"GPUs": 1, "CPUs": 1}, "1694484215.501716": {"GPUs": 1, "CPUs": 1}, "1694484217.001176": {"GPUs": 1, "CPUs": 1}, "1694484217.502002": {"GPUs": 1, "CPUs": 1}, "1694484220.001233": {"GPUs": 1, "CPUs": 1}, "1694484226.001038": {"GPUs": 1, "CPUs": 1}, "1694484226.502049": {"GPUs": 1, "CPUs": 1}, "1694484232.501093": {"GPUs": 1, "CPUs": 1}, "1694484244.501132": {"GPUs": 1, "CPUs": 1}, "1694484245.001248": {"GPUs": 1, "CPUs": 1}, "1694484246.001084": {"GPUs": 1, "CPUs": 1}}}, "Datapoints": 1756, "RuleParameters": "threshold:50\nio_threshold:50\ngpu_threshold:10\npatience:1000"}
