{"RuleTriggered": 0, "Violations": 0, "Details": {"step_num": {"first": 1694484240426834, "last": 1694484951858476}, "job_start": 1694484082.501017, "job_end": 1694484959.50227}, "Datapoints": 80, "RuleParameters": "threshold:20"}
