{"RuleTriggered": 0, "Violations": 0, "Details": {"ratio": {"gpu_functions-dev:0": 54.21339566730852, "cpu_functions": 45.78660433269149}, "phase": {"Step:ModeKeys.TRAIN": 30.385935348954195, "others": 69.45556817067536, "Step:ModeKeys.EVAL": 0.15849648037044559}, "phase_time": {}, "general": {"DataLoaderIterInitialize": 0.0006258805325356782, "DataLoaderIter": 42.36641704198461, "Forward": 57.63295707748286}, "CPU": {"aten::conv2d": 5.88669181030054, "aten::convolution": 5.885818692758552, "aten::_convolution": 5.885081961778214, "aten::cudnn_convolution": 5.8794353145784966, "aten::item": 12.20359798100397, "aten::_local_scalar_dense": 12.120492899816066, "enumerate(DataLoader)#_SingleProcessDataLoaderIter.__next__": 52.13888133976417}, "CPU_total": {"aten::conv2d": 9668247, "aten::convolution": 9666813, "aten::_convolution": 9665603, "aten::cudnn_convolution": 9656329, "aten::item": 20043074, "aten::_local_scalar_dense": 19906583, "enumerate(DataLoader)#_SingleProcessDataLoaderIter.__next__": 85632406}, "GPU": {"aten::conv2d": 14.102211238046772, "aten::convolution": 14.101928812327625, "aten::_convolution": 14.101661030905028, "aten::cudnn_convolution": 12.906708922017277, "enumerate(DataLoader)#_SingleProcessDataLoaderIter.__next__": 44.78748999670331}, "GPU_total": {"aten::conv2d": 26963529, "aten::convolution": 26962989, "aten::_convolution": 26962477, "aten::cudnn_convolution": 24677720, "enumerate(DataLoader)#_SingleProcessDataLoaderIter.__next__": 85634002}}, "Datapoints": 0, "RuleParameters": ""}
